{
  "backend/main.mo": "Minimal Motoko canister with an empty actor.",
  "feature_evidence.json": "Feature evidence report mapping feature requirements to affected files and components.",
  "frontend-file-summaries.txt": "Prewritten summaries describing the purpose of various frontend components, utilities, and pages.",
  "frontend/index.css": "Tailwind base and theme variables defining light/dark color tokens and global styling rules.",
  "frontend/index.html": "Basic HTML entry point loading the React app via main.tsx.",
  "frontend/src/App.tsx": "Main React app wrapper with fixed canvas layout and page routing via local state.",
  "frontend/src/components/BottomNav.tsx": "Bottom navigation bar with icon-based page switching constrained to the app canvas.",
  "frontend/src/components/LiveCalendarWidget.tsx": "Live clock widget showing time and full date, updating every second with no calendar grid.",
  "frontend/src/hooks/useActor.ts": "React hook that creates and manages an authenticated or anonymous backend actor using react-query.",
  "frontend/src/hooks/useInternetIdentity.ts": "Internet Identity provider and hooks handling auth client setup, login flow, and stored identities.",
  "frontend/src/hooks/useQueries.ts": "Empty placeholder since the app uses local state instead of backend queries.",
  "frontend/src/index.css": "Global Tailwind styles with neon theme, card colors, subtle borders, and 720×1600 app canvas utilities.",
  "frontend/src/lib/calories.ts": "Handles calorie calculations for gym and cardio using DeepSeek with fallback formulas and MET values.",
  "frontend/src/lib/deepseek.ts": "Integrates with DeepSeek API to fetch exercise and nutrition data and compute calorie estimates.",
  "frontend/src/lib/indianNutrition.ts": "Empty file placeholder for Indian nutrition data.",
  "frontend/src/lib/mevsa.ts": "Empty file placeholder for MEVSA-related utilities.",
  "frontend/src/lib/nutrition.ts": "Provides nutrition lookup with DeepSeek integration and a large local fallback food database.",
  "frontend/src/lib/store.ts": "Zustand store managing daily data, study topics, gym activities, nutrition, and goal tracking.",
  "frontend/src/main.tsx": "App entry point initializing React, query client, and Internet Identity provider.",
  "frontend/src/pages/Dashboard.tsx": "Dashboard page computing and displaying daily metrics for study, gym, food, and goals.",
  "frontend/src/pages/Goals.tsx": "Goals page showing daily goals, progress, and controls for marking completion.",
  "frontend/src/pages/Gym.tsx": "Gym page for adding gym or cardio activities, calculating calories, and listing daily workout stats.",
  "frontend/src/pages/Nutrition.tsx": "Nutrition page for adding food entries, fetching nutrition data, and computing daily calorie, protein, and sugar totals.",
  "frontend/src/pages/Study.tsx": "Study page for adding, updating, and organizing study topics by status (pending, done, later).",
  "frontend/tailwind.config.js": "Tailwind configuration extending colors, animations, and layout settings with custom theme values and plugins.",
  "project_state.json": "Project metadata describing features, new requests, layout goals, and current state/versioning info."
}