{
  "kind": "build_request",
  "title": "Remove mini calendar grid, show full date/time details, and enforce 720×1600 layout",
  "priority": "normal",
  "requirements": [
    {
      "id": "REQ-1",
      "text": "Remove the month calendar grid UI from the existing LiveCalendarWidget component so no day grid (7-column calendar) is rendered anywhere in the widget.",
      "target": "frontend",
      "source": {
        "messageIds": [
          "msg-8"
        ],
        "quotes": [
          "remove calendar,add date time month and all , make resolution display size 720 x 1600"
        ]
      },
      "acceptanceCriteria": [
        "LiveCalendarWidget no longer renders weekday headers (S M T W T F S) or any calendar day cells.",
        "No calendar-grid-like layout (7-column month view) is visible on Dashboard."
      ]
    },
    {
      "id": "REQ-2",
      "text": "Update the time/date widget to display a complete, readable date/time breakdown using the user’s local device time, including at minimum: time (HH:MM:SS), weekday name, month name, day of month, and year. Keep the display live-updating at least once per second while visible.",
      "target": "frontend",
      "source": {
        "messageIds": [
          "msg-8"
        ],
        "quotes": [
          "remove calendar,add date time month and all , make resolution display size 720 x 1600"
        ]
      },
      "acceptanceCriteria": [
        "Time updates automatically at least once per second without user interaction.",
        "Displayed date/time values come from the device local time (no backend dependency).",
        "Widget shows (in English) the weekday, month, day number, and year in addition to the time."
      ]
    },
    {
      "id": "REQ-3",
      "text": "Enforce a fixed app display canvas of 720px width by 1600px height for the main UI layout (centered on larger screens), while remaining usable on smaller screens by fitting within the viewport without horizontal scrolling.",
      "target": "frontend",
      "source": {
        "messageIds": [
          "msg-8"
        ],
        "quotes": [
          "make resolution display size 720 x 1600"
        ]
      },
      "acceptanceCriteria": [
        "On desktop, the app content renders within a 720×1600 container (no stretching beyond those bounds).",
        "On smaller screens, the UI does not introduce horizontal scrolling; content fits the viewport width.",
        "The BottomNav remains visually aligned with the fixed-width app canvas (not spanning wider than the 720px canvas on large screens)."
      ]
    }
  ],
  "constraints": [
    "Do not edit files under frontend/src/components/ui (Shadcn UI sources are read-only).",
    "Do not edit immutable hook paths: frontend/src/hooks/useInternetIdentity.ts, frontend/src/hooks/useInternetIdentity.tsx, frontend/src/hooks/useActor.ts, frontend/src/main.tsx.",
    "Backend remains a single Motoko actor (backend/main.mo); do not introduce additional backend services or databases."
  ],
  "nonGoals": [
    "Do not add new authentication methods (Internet Identity remains as-is).",
    "Do not add new dashboard metrics, pages, or data persistence features.",
    "Do not reintroduce any calendar month/day grid in a different component."
  ],
  "imageRequirements": {
    "required": [],
    "edits": []
  }
}