{
  "kind": "coverage_report",
  "version": "1.0",
  "generatedAt": "2026-02-07T23:56:13.859Z",
  "sources": {
    "buildRequest": true,
    "implementationPlan": true
  },
  "requirements": {
    "total": 3,
    "implemented": 3,
    "items": [
      {
        "id": "REQ-1",
        "summary": "Remove the month calendar grid UI from the existing LiveCalendarWidget component so no day grid (7-column calendar) is rendered anywhere in the widget.",
        "status": "implemented",
        "plannedFiles": [
          "frontend/src/components/LiveCalendarWidget.tsx"
        ],
        "matchedFiles": [
          "frontend/src/components/LiveCalendarWidget.tsx"
        ]
      },
      {
        "id": "REQ-2",
        "summary": "Update the time/date widget to display a complete, readable date/time breakdown using the user’s local device time, including at minimum: time (HH:MM:SS), weekday name, month name, day of month, and year. Keep the display live-updating at least once per second while visible.",
        "status": "implemented",
        "plannedFiles": [
          "frontend/src/hooks/useLocalTime.ts",
          "frontend/src/components/LiveCalendarWidget.tsx"
        ],
        "matchedFiles": [
          "frontend/src/components/LiveCalendarWidget.tsx"
        ]
      },
      {
        "id": "REQ-3",
        "summary": "Enforce a fixed app display canvas of 720px width by 1600px height for the main UI layout (centered on larger screens), while remaining usable on smaller screens by fitting within the viewport without horizontal scrolling.",
        "status": "implemented",
        "plannedFiles": [
          "frontend/src/index.css",
          "frontend/src/App.tsx",
          "frontend/src/components/BottomNav.tsx"
        ],
        "matchedFiles": [
          "frontend/src/index.css",
          "frontend/src/App.tsx",
          "frontend/src/components/BottomNav.tsx"
        ]
      }
    ]
  },
  "changedFiles": [
    "build-request.json",
    "feature_evidence.json",
    "frontend-file-summaries.txt",
    "frontend-implementation-plan.json",
    "frontend/src/App.tsx",
    "frontend/src/components/BottomNav.tsx",
    "frontend/src/components/LiveCalendarWidget.tsx",
    "frontend/src/index.css",
    "project_state.json",
    "scratch/component-selection.json",
    "spec.md",
    "spec_vs_diff_report.json"
  ]
}