{
  "kind": "implementation_plan",
  "version": "1.0",
  "title": "Simplify LiveCalendarWidget details view and lock UI into a 720×1600 canvas",
  "requirements": [
    {
      "id": "REQ-1",
      "summary": "Remove the mini month calendar grid from LiveCalendarWidget so no 7-column calendar UI renders.",
      "acceptanceCriteria": [
        "LiveCalendarWidget no longer renders weekday headers (S M T W T F S) or any calendar day cells.",
        "No calendar-grid-like layout (7-column month view) is visible on Dashboard."
      ],
      "file_operations": [
        {
          "path": "frontend/src/components/LiveCalendarWidget.tsx",
          "operation": "modify",
          "description": "Delete the mini calendar month grid UI (weekday headers, empty slots, and day cells) and any supporting logic so the widget never renders a 7-column month view."
        }
      ]
    },
    {
      "id": "REQ-2",
      "summary": "Show a complete, readable, live-updating local date/time breakdown (time + weekday + month + day + year) within the widget.",
      "acceptanceCriteria": [
        "Time updates automatically at least once per second without user interaction.",
        "Displayed date/time values come from the device local time (no backend dependency).",
        "Widget shows (in English) the weekday, month, day number, and year in addition to the time."
      ],
      "file_operations": [
        {
          "path": "frontend/src/hooks/useLocalTime.ts",
          "operation": "create",
          "description": "Create a small React hook that returns the device-local Date and keeps it updated at least once per second while mounted/visible."
        },
        {
          "path": "frontend/src/components/LiveCalendarWidget.tsx",
          "operation": "modify",
          "description": "Refactor the widget to use device-local time (via the new hook or existing interval logic) and render a full English breakdown including HH:MM:SS, weekday name, month name, day of month, and year (no backend dependency)."
        }
      ]
    },
    {
      "id": "REQ-3",
      "summary": "Constrain the app UI into a centered 720×1600 canvas on large screens and ensure it fits smaller viewports without horizontal scrolling; keep BottomNav aligned to the same canvas width.",
      "acceptanceCriteria": [
        "On desktop, the app content renders within a 720×1600 container (no stretching beyond those bounds).",
        "On smaller screens, the UI does not introduce horizontal scrolling; content fits the viewport width.",
        "The BottomNav remains visually aligned with the fixed-width app canvas (not spanning wider than the 720px canvas on large screens)."
      ],
      "file_operations": [
        {
          "path": "frontend/src/index.css",
          "operation": "modify",
          "description": "Add a reusable layout class (e.g., an app-canvas utility/component class) that constrains width to 720px and height to 1600px on large screens, while using viewport-fitting min() behavior on smaller screens; also ensure the page avoids horizontal scrolling."
        },
        {
          "path": "frontend/src/App.tsx",
          "operation": "modify",
          "description": "Wrap the main UI in a centered fixed-size canvas using the new CSS class so the main content area and overall app layout render within the 720×1600 bounds on large screens and remain usable on smaller screens without horizontal scrolling."
        },
        {
          "path": "frontend/src/components/BottomNav.tsx",
          "operation": "modify",
          "description": "Adjust BottomNav positioning/structure so the nav is centered and constrained to the same canvas width as the app (instead of spanning full viewport width on large screens), while remaining usable on small screens."
        }
      ]
    }
  ]
}