{
  "kind": "spec_vs_diff_report",
  "version": "1.0",
  "generatedAt": "2026-02-07T23:56:13.857Z",
  "summary": "REQ-1 and REQ-2 appear implemented in LiveCalendarWidget (calendar grid removed; live-updating local date/time breakdown shown). REQ-3 is partially implemented via a centered 720px max-width canvas and BottomNav alignment, but the 1600px fixed height constraint is not clearly enforced (only a max-height is set).",
  "missing_requirements": [
    {
      "id": "REQ-3",
      "requirement": "Enforce a fixed app display canvas of 720px width by 1600px height for the main UI layout (centered on larger screens).",
      "reason": "The diff adds an `.app-canvas` class with `width: min(720px, 100vw)` and `max-height: 1600px`, but does not set a fixed `height: 1600px` (or equivalent) for the main UI container. App layout still uses `min-h-screen`, which will size to viewport height rather than a fixed 1600px canvas on desktop.",
      "evidence": [
        "frontend/src/index.css (app-canvas uses max-height: 1600px, not fixed height)",
        "frontend/src/App.tsx (app-canvas container uses flex/min-h-screen rather than a fixed 1600px height)"
      ]
    }
  ],
  "hallucinated_features": [],
  "confidence": 0.74,
  "changed_files": [
    "frontend-file-summaries.txt",
    "frontend/src/App.tsx",
    "frontend/src/components/BottomNav.tsx",
    "frontend/src/components/LiveCalendarWidget.tsx",
    "frontend/src/index.css",
    "project_state.json"
  ]
}